sampleID,Treatment,wt %N,wt %total C,%CaCO3,%TIC,wt %TOC by difference,C:N ratio,fraction > 6mm,fraction 2-6mm,fraction .063-2mm,fraction <0.063mm
T01 Q2,h,0.25,10.27,73.1,8.77,1.5,6,0.37,0.17,0.23,0.23
T01 Q3,h,0.21,10.16,72.63,8.72,1.44,6.9,0.44,0.13,0.22,0.2
T02 Q1,c,0.26,10.19,68.11,8.17,2.02,7.8,0.34,0.09,0.26,0.31
T02 Q2,c,0.24,10.41,69.71,8.37,2.04,8.5,0.43,0.12,0.2,0.24
T02 Q3,c,0.22,10.5,72.84,8.74,1.76,8,0.26,0.22,0.25,0.28
T02 Q4,c,0.21,10.04,69.45,8.33,1.71,8.1,0.35,0.13,0.3,0.22
T02 Q5,c,0.2,10.43,74.38,8.93,1.5,7.5,0.21,0.15,0.42,0.22
T03 Q1,l,0.21,9.76,68.11,8.17,1.59,7.6,0.33,0.14,0.32,0.22
T03 Q2,l,0.22,9.51,65.13,7.82,1.69,7.7,0.38,0.15,0.25,0.21
T03 Q3,l,0.2,9.71,72.22,8.67,1.04,5.2,0.29,0.15,0.37,0.19
T04 Q1,l,0.14,10.64,79.28,9.51,1.13,8.1,0.22,0.16,0.47,0.15
T04 Q2,l,0.15,10.65,79.21,9.51,1.14,7.6,0.29,0.23,0.33,0.14
T05 Q1,h,0.14,11.12,84.25,10.11,1.01,7.2,0.27,0.22,0.34,0.18
T05 Q2,h,0.14,10.77,79.94,9.59,1.18,8.4,0.17,0.25,0.46,0.12
T05 Q4,h,0.14,10.81,80.53,9.66,1.15,8.2,0.3,0.18,0.36,0.16
T06 Q1,c,0.17,10.28,72.5,8.7,1.58,9.3,0.3,0.12,0.37,0.21
T06 Q2,c,0.15,10.3,74.87,8.98,1.32,8.8,0.38,0.14,0.26,0.21
T06 Q3,c,0.13,10.69,80.07,9.61,1.08,8.3,0.26,0.24,0.31,0.19
T06 Q4,c,0.11,10.46,79.45,9.53,0.93,8.5,0.25,0.2,0.39,0.16
T06 Q5,c,0.1,10.67,83,9.96,0.71,7.1,0.25,0.21,0.41,0.13
T07 Q1,c,0.11,10.74,80.98,9.72,1.02,9.3,0.22,0.2,0.44,0.14
T07 Q2,c,0.16,10.62,76.11,9.13,1.49,9.3,0.42,0.14,0.19,0.24
T07 Q3,c,0.16,10.59,74.87,8.98,1.61,10.1,0.21,0.21,0.33,0.24
T07 Q4,c,0.12,10.57,78.1,9.37,1.2,10,0.2,0.15,0.47,0.19
T07 Q5,c,0.16,10.72,76.86,9.22,1.5,9.4,0.31,0.14,0.33,0.22
T08 Q4,l,0.16,10.66,74.06,8.89,1.77,11.1,0.43,0.13,0.22,0.22
T08 Q5,l,0.13,11.3,82.86,9.94,1.36,10.5,0.37,0.21,0.28,0.14
T09 Q1,h,0.16,10.51,75.47,9.06,1.45,9.1,0.37,0.17,0.25,0.21
T09 Q5,h,0.12,10.9,81.25,9.75,1.15,9.6,0.38,0.17,0.32,0.13
T10 Q1,l,0.15,9.9,72.78,8.73,1.17,7.8,0.31,0.18,0.31,0.2
T10 Q3,l,0.13,9.99,74.68,8.96,1.03,7.9,0.21,0.25,0.36,0.18
T10 Q4,l,0.13,9.79,72.18,8.66,1.13,8.7,0.28,0.16,0.33,0.24
T11 Q1,c,0.18,10.24,70.82,8.5,1.74,9.7,0.34,0.14,0.28,0.25
T11 Q2,c,0.17,10.64,76.48,9.18,1.46,8.6,0.44,0.11,0.21,0.23
T11 Q3,c,0.16,9.97,69.05,8.29,1.68,10.5,0.41,0.13,0.24,0.22
T11 Q4,c,0.19,10.49,71.07,8.53,1.96,10.3,0.38,0.1,0.24,0.29
T11 Q5,c,0.15,10.62,73.28,8.79,1.83,12.2,0.4,0.12,0.27,0.22
T12 Q1,h,0.14,10.7,78.69,9.44,1.26,9,0.27,0.18,0.39,0.16
T12 Q3,h,0.17,10.8,76.08,9.13,1.67,9.8,0.34,0.29,0.22,0.16
T12 Q5,h,0.16,10.71,75.66,9.08,1.63,10.2,0.4,0.17,0.27,0.15
T13 Q1,h,0.15,10.51,77.12,9.25,1.26,8.4,0.31,0.16,0.36,0.17
T13 Q2,h,0.14,10.84,79,9.48,1.36,9.7,0.23,0.23,0.39,0.15
T13 Q3,h,0.15,10.33,73.99,8.88,1.45,9.7,0.33,0.26,0.24,0.17
T14 Q2,l,0.12,11.1,80.15,9.62,1.48,12.3,0.33,0.19,0.3,0.18
T14 Q3,l,0.11,10.99,78.55,9.43,1.56,14.2,0.32,0.21,0.29,0.18
T14 Q4,l,0.11,11.1,81.15,9.74,1.36,12.4,0.28,0.21,0.38,0.12
T15 Q1,c,0.13,10.84,78.18,9.38,1.46,11.2,0.37,0.17,0.3,0.16
T15 Q2,c,0.14,11.05,77.22,9.27,1.78,12.7,0.36,0.14,0.27,0.22
T15 Q3,c,0.16,10.71,73.05,8.77,1.94,12.1,0.41,0.16,0.19,0.24
T15 Q4,c,0.13,10.63,76.11,9.13,1.5,11.5,0.31,0.2,0.29,0.21
T15 Q5,c,0.09,11.14,80,9.6,1.54,17.1,0.34,0.2,0.27,0.19