sampleID,treatment,density (#/m^2),percent cover,easting,northing,elevation (m NAVD),longitude,latitude,mean oyster density (#/m^2),wt %N,wt %total C,%CaCO3,%TIC,wt %TOC by difference,C:N ratio,fraction > 6mm,fraction 2-6mm,fraction .063-2mm,fraction <0.063mm
T01 Q2,h,0,0,102952.848,535507.082,-0.287,-82.99758052,29.16299942,1116.8,0.25,10.27,73.1,8.77,1.5,6,0.37,0.17,0.23,0.23
T01 Q3,h,16,1,102948.153,535502.902,-0.279,-82.99762842,29.16296135,1116.8,0.21,10.16,72.63,8.72,1.44,6.9,0.44,0.13,0.22,0.2
T02 Q1,c,0,0,102958.094,535510.261,-0.317,-82.99752689,29.1630285,0,0.26,10.19,68.11,8.17,2.02,7.8,0.34,0.09,0.26,0.31
T02 Q2,c,0,0,102959.319,535510.866,-0.313,-82.99751435,29.16303404,0,0.24,10.41,69.71,8.37,2.04,8.5,0.43,0.12,0.2,0.24
T02 Q3,c,0,0,102962.426,535512.732,-0.335,-82.99748258,29.16305112,0,0.22,10.5,72.84,8.74,1.76,8,0.26,0.22,0.25,0.28
T02 Q4,c,0,0,102964.176,535512.659,-0.393,-82.99746458,29.16305059,0,0.21,10.04,69.45,8.33,1.71,8.1,0.35,0.13,0.3,0.22
T02 Q5,c,0,0,102961.335,535512.182,-0.32,-82.99749375,29.16304607,0,0.2,10.43,74.38,8.93,1.5,7.5,0.21,0.15,0.42,0.22
T03 Q1,l,0,0,102978.989,535520.732,-0.359,-82.99731304,29.16312456,464,0.21,9.76,68.11,8.17,1.59,7.6,0.33,0.14,0.32,0.22
T03 Q2,l,0,0,102971.709,535518.623,-0.35,-82.99738768,29.16310497,464,0.22,9.51,65.13,7.82,1.69,7.7,0.38,0.15,0.25,0.21
T03 Q3,l,0,0,102977.766,535520.061,-0.32,-82.99732555,29.16311841,464,0.2,9.71,72.22,8.67,1.04,5.2,0.29,0.15,0.37,0.19
T04 Q1,l,0,0,102988.712,535522.638,-0.315,-82.99721328,29.1631425,473.6,0.14,10.64,79.28,9.51,1.13,8.1,0.22,0.16,0.47,0.15
T04 Q2,l,0,0,102989.844,535523.165,-0.284,-82.99720168,29.16314734,473.6,0.15,10.65,79.21,9.51,1.14,7.6,0.29,0.23,0.33,0.14
T05 Q1,h,0,0,103010.427,535525.799,-0.317,-82.99699036,29.16317267,444.8,0.14,11.12,84.25,10.11,1.01,7.2,0.27,0.22,0.34,0.18
T05 Q2,h,0,0,103011.465,535527.267,-0.275,-82.99697982,29.163186,444.8,0.14,10.77,79.94,9.59,1.18,8.4,0.17,0.25,0.46,0.12
T05 Q4,h,0,0,103003.576,535524.429,-0.318,-82.99706066,29.16315979,444.8,0.14,10.81,80.53,9.66,1.15,8.2,0.3,0.18,0.36,0.16
T06 Q1,c,0,0,103025.748,535530.873,-0.351,-82.99683333,29.16321962,0,0.17,10.28,72.5,8.7,1.58,9.3,0.3,0.12,0.37,0.21
T06 Q2,c,0,0,103021.101,535529.646,-0.35,-82.99688098,29.16320819,0,0.15,10.3,74.87,8.98,1.32,8.8,0.38,0.14,0.26,0.21
T06 Q3,c,0,0,103022.548,535528.717,-0.405,-82.99686603,29.16319993,0,0.13,10.69,80.07,9.61,1.08,8.3,0.26,0.24,0.31,0.19
T06 Q4,c,0,0,103018.659,535528.943,-0.342,-82.99690603,29.16320166,0,0.11,10.46,79.45,9.53,0.93,8.5,0.25,0.2,0.39,0.16
T06 Q5,c,0,0,103017.615,535528.643,-0.351,-82.99691673,29.16319888,0,0.1,10.67,83,9.96,0.71,7.1,0.25,0.21,0.41,0.13
T07 Q1,c,0,0,103040,535532.824,-0.416,-82.99668701,29.16323831,0,0.11,10.74,80.98,9.72,1.02,9.3,0.22,0.2,0.44,0.14
T07 Q2,c,0,0,103043.533,535534.241,-0.349,-82.99665083,29.16325136,0,0.16,10.62,76.11,9.13,1.49,9.3,0.42,0.14,0.19,0.24
T07 Q3,c,0,0,103037.368,535533.673,-0.33,-82.99671414,29.16324577,0,0.16,10.59,74.87,8.98,1.61,10.1,0.21,0.21,0.33,0.24
T07 Q4,c,0,0,103036.452,535532.475,-0.391,-82.99672345,29.16323489,0,0.12,10.57,78.1,9.37,1.2,10,0.2,0.15,0.47,0.19
T07 Q5,c,0,0,103044.715,535534.382,-0.349,-82.9966387,29.16325273,0,0.16,10.72,76.86,9.22,1.5,9.4,0.31,0.14,0.33,0.22
T08 Q4,l,16,1,103059.394,535535.584,-0.321,-82.99648792,29.16326469,368,0.16,10.66,74.06,8.89,1.77,11.1,0.43,0.13,0.22,0.22
T08 Q5,l,0,0,103051.959,535534.897,-0.279,-82.99656428,29.16325793,368,0.13,11.3,82.86,9.94,1.36,10.5,0.37,0.21,0.28,0.14
T09 Q1,h,0,0,103068.641,535535.13,-0.314,-82.99639284,29.1632613,771.2,0.16,10.51,75.47,9.06,1.45,9.1,0.37,0.17,0.25,0.21
T09 Q5,h,112,2,103070.476,535535.286,-0.293,-82.996374,29.16326285,771.2,0.12,10.9,81.25,9.75,1.15,9.6,0.38,0.17,0.32,0.13
T10 Q1,l,0,0,103084.896,535537.439,-0.381,-82.99622597,29.16328337,89.6,0.15,9.9,72.78,8.73,1.17,7.8,0.31,0.18,0.31,0.2
T10 Q3,l,0,0,103092.175,535539.106,-0.304,-82.99615131,29.16329897,89.6,0.13,9.99,74.68,8.96,1.03,7.9,0.21,0.25,0.36,0.18
T10 Q4,l,0,0,103093.569,535537.928,-0.39,-82.99613688,29.16328845,89.6,0.13,9.79,72.18,8.66,1.13,8.7,0.28,0.16,0.33,0.24
T11 Q1,c,0,0,103105.121,535537.464,-0.397,-82.9960181,29.16328515,214.4,0.18,10.24,70.82,8.5,1.74,9.7,0.34,0.14,0.28,0.25
T11 Q2,c,1072,70,103101.72,535538.979,-0.314,-82.9960532,29.16329856,214.4,0.17,10.64,76.48,9.18,1.46,8.6,0.44,0.11,0.21,0.23
T11 Q3,c,0,0,103100.379,535537.804,-0.39,-82.99606688,29.16328786,214.4,0.16,9.97,69.05,8.29,1.68,10.5,0.41,0.13,0.24,0.22
T11 Q4,c,0,0,103106.616,535538.527,-0.289,-82.99600283,29.16329485,214.4,0.19,10.49,71.07,8.53,1.96,10.3,0.38,0.1,0.24,0.29
T11 Q5,c,0,0,103107.701,535537.199,-0.387,-82.99599157,29.16328295,214.4,0.15,10.62,73.28,8.79,1.83,12.2,0.4,0.12,0.27,0.22
T12 Q1,h,0,0,103116.917,535538.536,-0.346,-82.99589696,29.16329572,492.8,0.14,10.7,78.69,9.44,1.26,9,0.27,0.18,0.39,0.16
T12 Q3,h,0,0,103115.137,535539.063,-0.308,-82.9959153,29.16330034,492.8,0.17,10.8,76.08,9.13,1.67,9.8,0.34,0.29,0.22,0.16
T12 Q5,h,0,0,103119.683,535541.214,-0.269,-82.99586876,29.16332009,492.8,0.16,10.71,75.66,9.08,1.63,10.2,0.4,0.17,0.27,0.15
T13 Q1,h,0,0,103134.774,535545.49,-0.322,-82.99571402,29.16335982,460.8,0.15,10.51,77.12,9.25,1.26,8.4,0.31,0.16,0.36,0.17
T13 Q2,h,0,0,103129.704,535544.731,-0.288,-82.99576607,29.16335259,460.8,0.14,10.84,79,9.48,1.36,9.7,0.23,0.23,0.39,0.15
T13 Q3,h,16,1,103130.544,535546.289,-0.297,-82.99575757,29.1633667,460.8,0.15,10.33,73.99,8.88,1.45,9.7,0.33,0.26,0.24,0.17
T14 Q2,l,0,0,103149.748,535546.148,-0.334,-82.99556018,29.16336689,425.6,0.12,11.1,80.15,9.62,1.48,12.3,0.33,0.19,0.3,0.18
T14 Q3,l,0,0,103142.467,535547.428,-0.28,-82.99563513,29.16337789,425.6,0.11,10.99,78.55,9.43,1.56,14.2,0.32,0.21,0.29,0.18
T14 Q4,l,192,15,103148.971,535546.572,-0.282,-82.9955682,29.16337067,425.6,0.11,11.1,81.15,9.74,1.36,12.4,0.28,0.21,0.38,0.12
T15 Q1,c,32,1,103158.308,535543.714,-0.37,-82.99547199,29.16334559,6.4,0.13,10.84,78.18,9.38,1.46,11.2,0.37,0.17,0.3,0.16
T15 Q2,c,0,0,103161.138,535543.904,-0.345,-82.99544292,29.16334752,6.4,0.14,11.05,77.22,9.27,1.78,12.7,0.36,0.14,0.27,0.22
T15 Q3,c,0,0,103161.823,535542.088,-0.398,-82.99543572,29.1633312,6.4,0.16,10.71,73.05,8.77,1.94,12.1,0.41,0.16,0.19,0.24
T15 Q4,c,0,0,103157.445,535544.171,-0.371,-82.9954809,29.16334965,6.4,0.13,10.63,76.11,9.13,1.5,11.5,0.31,0.2,0.29,0.21
T15 Q5,c,0,0,103155.172,535545.263,-0.358,-82.99550436,29.16335933,6.4,0.09,11.14,80,9.6,1.54,17.1,0.34,0.2,0.27,0.19